<?xml version="1.0" encoding="UTF-8" standalone="yes"?>
<addon id="repository.muaythaitv" name="dougiemuay" version="0.0.1" provider-name="DougieMunro">
	<extension point="xbmc.addon.repository" name="dougiemuay">
		<dir>
			<info compressed="false">https://raw.githubusercontent.com/noobsandnerds/modules4all/master/zips/addons.xml</info>
			<checksum>https://raw.githubusercontent.com/noobsandnerds/modules4all/master/zips/addons.xml.md5</checksum>
			<datadir zip="true">https://raw.githubusercontent.com/noobsandnerds/modules4all/master/zips/</datadir>
		</dir>
		<info compressed="false">https://raw.githubusercontent.com/defaultbad/repository.muaythaitv/master/zips/addons.xml</info>
		<checksum>https://raw.githubusercontent.com/defaultbad/repository.muaythaitv/master/zips/addons.xml.md5</checksum>
		<datadir zip="true">https://raw.githubusercontent.com/defaultbad/repository.muaythaitv/master/zips/</datadir>
	</extension>
	<extension point="xbmc.addon.metadata">
		<summary lang="en">Quick one liner about the repository</summary>
		<description lang="en">Full repository description.</description>
		<genre>sports,uk</genre>
	</extension>
</addon>